﻿Designator,Quantity,Value,Footprint,Package,MPN,DNP,Mount_Type,Description,Sim.Device,Sim.Pins
A1,1,Arduino_Nano_v3.x,Arduino_Nano_WithMountingHoles,,,,tht,,,
"C1, C2, C3",3,100nF,C_0805_2012Metric,,,,smt,,,
C4,1,0.33µF,C_0805_2012Metric,,,,smt,,,
C5,1,1µF,CP_Radial_D4.0mm_P2.00mm,,,,tht,,,
C6,1,22µF,CP_Radial_D4.0mm_P2.00mm,,,,tht,,,
D1,1,D,D_SMA-SMB_Universal_Handsoldering,,,,smt,Diode,D,1=K 2=A
"D10, D11, D4, D5, D6, D7, D8, D9",8,LED (Green),LED_0805_2012Metric,,,,smt,,,
D2,1,LED (Red),LED_0805_2012Metric,,,,smt,,,
J1,1,IC2,PinSocket_1x04_P2.54mm_Vertical,,,,tht,,,
J2,1,12v Power,BarrelJack_Horizontal,,,,tht,,,
J3,1,Servo,PinHeader_1x03_P2.54mm_Vertical,,,,tht,,,
J4,1,5v Aux.,PinHeader_1x02_P2.54mm_Vertical,,,,tht,,,
"J5, J6",2,Stepper,PinHeader_1x04_P2.54mm_Vertical,,,,tht,,,
J7,1,OLED,OLED_I2C_096in_Module,,,,tht,,,
"Mem1, Mem2, Mem3",3,CAT24C256,DIP-8_W7.62mm_Socket,,,,tht,,,
Q1,1,N-MOSFET,TO-252-3_TabPin2,,,,smt,,,
"R1, R2, R3",3,100R,R_0805_2012Metric,,,,smt,,,
"R10, R11, R8, R9",4,24,R_Axial_DIN0516_L15.5mm_D5.0mm_P20.32mm_Horizontal,,,,tht,,,
"R12, R13, R22",3,10k,R_0805_2012Metric,,,,smt,,,
"R14, R15, R16, R17, R18, R19, R20, R21",8,150R,R_0805_2012Metric,,,,smt,,,
"R4, R5, R6",3,22k,R_0805_2012Metric,,,,smt,,,
R7,1,1k,R_0805_2012Metric,,,,smt,,,
SW1,1,RotaryEncoder_Switch,RotaryEncoder_Alps_EC11E-Switch_Vertical_H20mm,,,,tht,,,
U1,1,L7805,TO-252-2,,,,smt,,,
"U2, U3",2,78M05,TO-252-2,,,,smt,,,
"U4, U5",2,L293,DIP-16_W7.62mm_Socket,,,,tht,,,
