﻿pos_x,pos_y,rotation,side,designator,mpn,pack,footprint,value,mount_type,place
-43.18,16.51,0.0,top,A1,,,Arduino_Nano_WithMountingHoles,Arduino_Nano_v3.x,tht,True
-22.8,-7.2,0.0,top,C1,,,C_0805_2012Metric,100nF,smt,True
-22.8,-13.2,0.0,top,C2,,,C_0805_2012Metric,100nF,smt,True
-22.85,-19.2,0.0,top,C3,,,C_0805_2012Metric,100nF,smt,True
-31.75,16.47,-90.0,top,C4,,,C_0805_2012Metric,0.33µF,smt,True
-18.172599,-20.4,0.0,top,C5,,,CP_Radial_D4.0mm_P2.00mm,1µF,tht,True
-36.83,15.24,180.0,top,C6,,,CP_Radial_D4.0mm_P2.00mm,22µF,tht,True
27.2,1.27,180.0,top,D1,,,D_SMA-SMB_Universal_Handsoldering,D,smt,True
45.72,6.35,180.0,top,D10,,,LED_0805_2012Metric,LED (Green),smt,True
45.72,13.97,180.0,top,D11,,,LED_0805_2012Metric,LED (Green),smt,True
27.2,-21.2,0.0,top,D2,,,LED_0805_2012Metric,LED (Red),smt,True
24.13,13.97,180.0,top,D4,,,LED_0805_2012Metric,LED (Green),smt,True
24.13,6.35,180.0,top,D5,,,LED_0805_2012Metric,LED (Green),smt,True
8.89,6.35,0.0,top,D6,,,LED_0805_2012Metric,LED (Green),smt,True
8.89,13.97,0.0,top,D7,,,LED_0805_2012Metric,LED (Green),smt,True
30.48,13.97,0.0,top,D8,,,LED_0805_2012Metric,LED (Green),smt,True
30.48,6.35,0.0,top,D9,,,LED_0805_2012Metric,LED (Green),smt,True
-11.43,22.86,90.0,top,J1,,,PinSocket_1x04_P2.54mm_Vertical,IC2,tht,True
4.1225,-11.78,90.0,top,J2,,,BarrelJack_Horizontal,12v Power,tht,True
-25.4,22.86,90.0,top,J3,,,PinHeader_1x03_P2.54mm_Vertical,Servo,tht,True
-34.29,22.86,-90.0,top,J4,,,PinHeader_1x02_P2.54mm_Vertical,5v Aux.,tht,True
12.7,22.86,90.0,top,J5,,,PinHeader_1x04_P2.54mm_Vertical,Stepper,tht,True
34.29,22.86,90.0,top,J6,,,PinHeader_1x04_P2.54mm_Vertical,Stepper,tht,True
-7.81,19.05,0.0,top,J7,,,OLED_I2C_096in_Module,OLED,tht,True
-22.85,-3.8,90.0,top,Mem1,,,DIP-8_W7.62mm_Socket,CAT24C256,tht,True
-11.42,-3.8,90.0,top,Mem2,,,DIP-8_W7.62mm_Socket,CAT24C256,tht,True
0.0,-3.8,90.0,top,Mem3,,,DIP-8_W7.62mm_Socket,CAT24C256,tht,True
-36.575,3.81,-90.0,top,Q1,,,TO-252-3_TabPin2,N-MOSFET,smt,True
-22.85,-21.2,180.0,top,R1,,,R_0805_2012Metric,100R,smt,True
20.32,-2.54,-90.0,top,R10,,,R_Axial_DIN0516_L15.5mm_D5.0mm_P20.32mm_Horizontal,24,tht,True
12.7,-2.54,-90.0,top,R11,,,R_Axial_DIN0516_L15.5mm_D5.0mm_P20.32mm_Horizontal,24,tht,True
2.2,19.6,90.0,top,R12,,,R_0805_2012Metric,10k,smt,True
-0.2,19.6,90.0,top,R13,,,R_0805_2012Metric,10k,smt,True
24.13,11.43,180.0,top,R14,,,R_0805_2012Metric,150R,smt,True
24.13,8.89,180.0,top,R15,,,R_0805_2012Metric,150R,smt,True
8.89,8.89,0.0,top,R16,,,R_0805_2012Metric,150R,smt,True
8.89,11.43,0.0,top,R17,,,R_0805_2012Metric,150R,smt,True
30.48,11.43,180.0,top,R18,,,R_0805_2012Metric,150R,smt,True
30.48,8.89,180.0,top,R19,,,R_0805_2012Metric,150R,smt,True
-22.8,-15.2,180.0,top,R2,,,R_0805_2012Metric,100R,smt,True
45.72,8.89,0.0,top,R20,,,R_0805_2012Metric,150R,smt,True
45.72,11.43,0.0,top,R21,,,R_0805_2012Metric,150R,smt,True
-47.2,6.4,-90.0,top,R22,,,R_0805_2012Metric,10k,smt,True
-22.8,-9.2,180.0,top,R3,,,R_0805_2012Metric,100R,smt,True
-22.85,-23.2,0.0,top,R4,,,R_0805_2012Metric,22k,smt,True
-22.8,-17.2,0.0,top,R5,,,R_0805_2012Metric,22k,smt,True
-22.8,-11.2,0.0,top,R6,,,R_0805_2012Metric,22k,smt,True
27.2,-19.0,180.0,top,R7,,,R_0805_2012Metric,1k,smt,True
41.91,-2.54,-90.0,top,R8,,,R_Axial_DIN0516_L15.5mm_D5.0mm_P20.32mm_Horizontal,24,tht,True
34.29,-2.54,-90.0,top,R9,,,R_Axial_DIN0516_L15.5mm_D5.0mm_P20.32mm_Horizontal,24,tht,True
-5.12,-7.99,-90.0,top,SW1,,,RotaryEncoder_Alps_EC11E-Switch_Vertical_H20mm,RotaryEncoder_Switch,tht,True
-18.66,17.145,0.0,top,U1,,,TO-252-2,L7805,smt,True
16.51,-12.7,90.0,top,U2,,,TO-252-2,78M05,smt,True
38.1,-12.69,90.0,top,U3,,,TO-252-2,78M05,smt,True
12.7,19.05,0.0,top,U4,,,DIP-16_W7.62mm_Socket,L293,tht,True
34.29,19.05,0.0,top,U5,,,DIP-16_W7.62mm_Socket,L293,tht,True
